error,Hotel_Name,Reviewer_Score,p_negative,text
false_negative,Hotel Grums Barcelona,2.5,2.548453633035034e-10,excellent
false_negative,The Kensington Hotel,5.0,6.347371512940917e-06,breakfast was perfect
false_negative,citizenM London Bankside,2.9,9.038501696965232e-06,everything excellent great location friendly staff nice rooms lovely atmosphere and feel would definitely stay again the pillows were a bit lumpy and could do with a couple of extras
false_negative,Acad mie H tel Saint Germain,2.5,2.1237883881965676e-05,very charming and helpful receptionists beautiful room excellent position near the boulevard saint germain but quiet a wonderful place to stay
false_negative,Capri by Fraser Barcelona,3.8,3.0946389184990135e-05,the apartment was perfect we had everything we needed large rooms comfortable beds and spacious bathrooms would be happy to stay again
false_negative,Hotel V Fizeaustraat,3.3,3.4297601228773886e-05,perfect taste excellent food great place to stay creative inspiring a bit out of the center but very accessible by tram
false_negative,NH Sants Barcelona,3.3,4.62210361304802e-05,very clean hotel nice room helpful staff nothing
false_negative,Park Lane Mews Hotel,5.0,4.6504887639654644e-05,breakfast was excellent staff were also very good
false_negative,Pulitzer Amsterdam,3.3,7.616114600945776e-05,a fabulous hotel in a great location all the staff were so helpful room was fantastic everything was perfect however the upgrade was an extra euros per night we took a cruise on the vintage hotel launch it was excellent food was only average and expensive however there are a good selection of restaurants nearby
false_negative,citizenM Amsterdam,3.8,0.00012375685363237988,great place friendly staff nothing
false_negative,The Square Milano Duomo,5.0,0.00013166613854489673,clean and good staff location
false_negative,Norfolk Towers Paddington,4.6,0.0002223606762049495,the bed was very comfy
false_negative,The Principal London,2.9,0.0002902803279788673,excellent location minutes from the tube and a nice walk from the city centre pillows were too soft without an option in the room lifts were a bit of a problem on our final day
false_negative,Barcel Raval,4.6,0.00042782682765781627,amazing location with vibrant nightlife just below and amazing rooftop deck with spectacular views of the city and excellent drinks the cleanliness was a real let down for me
false_negative,art otel Amsterdam,4.6,0.0004354909724211607,location clean
false_negative,Arbor City,3.8,0.0004756637565608666,rooms re furbished to a high standard very modern and comfortable room service quick and was very nice nothing too much trouble for the staff would recommend to anyone
false_negative,Hotel Daniel Vienna,2.5,0.0004887714241460994,friendly staff and unique concept
false_negative,Commodore Hotel,3.3,0.0006562425679605571,the place is really nice and the location perfect the bathroom could be newer
false_negative,Hotel 55,4.6,0.0007126812557117489,a bit of lighting in the room would have been good
false_negative,Royal Garden Hotel,2.9,0.0008330457127428053,nice comfy beds and cleanliness was excellent i thought the breakfast was a bit overpriced for what i had
false_negative,Arbor City,3.8,0.0008349477280531859,nice modern hotel room was lovely there was a private function in the lovely relaxing lounge area so we couldn t go in there which was a shame as it was a lovely room to sit and have a drink in
false_negative,NH Collection Wien Zentrum,3.3,0.0008627481700814715,great location min walk from old town and min walk to schonbrun palace in amongst all the shops which is great we had a junior suite which was a great size
false_negative,Park Plaza Westminster Bridge London,2.5,0.0009759872698420941,love the area norting
false_negative,Elys es R gencia,5.0,0.0011147674783466878,very near to center and i like the staff very helpful near it there is market and bakery i love it
false_negative,NH Amsterdam Museum Quarter,2.9,0.0011709076160248367,clean comfortable and good location service at bar could be improved
false_positive,Hotel Das Tigra,8.3,0.9994742974983168,potision wf not saficient
false_positive,Inntel Hotels Amsterdam Centre,8.8,0.9971077993266774,the manager is rude and bad attitude old man
false_positive,Mercure Paris Montmartre Sacr Coeur,8.8,0.9966009876100999,the facility is very nice the rooms were great and the proximity to the metro was great as well the staff was horrible unprofessional unsympathetic unkind unpolished unaware we myself and my group of clients booked our rooms on booking com when the rate was better than the rates for existing reservations made directly through the hotel i booked with booking com and canceled the other at arrival the staff said there were no reservations and refused to look for the booking com reservations they would not allow my travel clients to check in after several hours of flight from the u s and were very rude to them the staff even gave my clients an e mail my office sent them which should have been internal information that should not have been forwarded to any client this email clearly outlined the reservation that were canceled it had the reservation numbers as well the staff didn t bother to look for the valid reservations and showed no care about the plight my clients faced especially since i was delayed all they had to do was take a few extra minutes to look in their system my flight was delayed but i had a layover in istanbul i called and spoke with the front desk staff gave them the confirmation numbers given by booking com but the staff refused to listen i had to speak with several people incur high phone charges and even raise my voice to force someone to listen to me my client placed me on the phone with receptionist she again reiterated the reservations were canceled i advised her of the valid confirmation number she ignored me repeatedly simply repeating the reservations were canceled i had to literally raise my voice to force her to look up the confirmation number she then said oh i found it but this was after she continued to be rude and unprofessional forcing me in desperation to raise my voice with her it was very frustrating and my clients were very effected by the lack of professionalism and empathy they were shown each day was an issue
false_positive,Courthouse Hotel London,8.8,0.9927487566293364,horrible shower
false_positive,Commodore Hotel,9.2,0.9871820244026537,only bathroom outdated looks tired
false_positive,Catalonia Barcelona Plaza,8.8,0.9842276496568138,the two hotel restaurants are great unfortunately my plane was delayed by two hour because of thunder storms so i arrived at my checkin was an absolute disaster the reloje suite that i had booked and was confirmed to me via booking s reservation confirmation was given to an other client who had reserved a family suite that was give to me afterwards since the people did not like their family room the front desk manager lucy at reception took on her to give my room away all though confirmed to me to an other guest i had specially booked the reloje suite because i needed to have a table for for meetings since i had interviews and meetings on top of that i travel with a lot of it for work so i need space when i arrived for check in at the receptionist tatiana checked me in seemed trobled when asked her if there was a problem she said management had decided not to give me the suite when i insited arguing i had a confirmed suite they said air conditioning was not working then it was under construction oh i said so if it is under constriction no one is staying in the room so i would like to see it that was impossible and refused they tried to lie there way out of it this is unacceptable lucy did not care since she knew i had no other alternatives this caused delays agravation and a lot trouble for my meetings this is not acceptable the next day i complained to senior management and two hours later they gave me a tower suite and i did not have to pay for the first night i did appreciate the management s gesture but did not compensate for the trouble and time i lost i am still waiting for a formal excuse letter that i have not received until now i will probably never receive it i can only advice to all travellers to beware and make sure you confirme before your arrival at the hotel
false_positive,Royal Garden Hotel,9.6,0.9825422540951315,loction dirty
false_positive,Park Plaza Westminster Bridge London,8.3,0.9803844197252629,the carpet was dirty
false_positive,Park Plaza Sherlock Holmes London,8.3,0.9756949091602986,friendly staff rooms dated and in need of refurbishment air con made a terrible noise bed small and way too soft
false_positive,Crowne Plaza London Kensington,8.3,0.9739130747391945,in room the heating system was not working and the receptionist suggested bringing in a portable heater of course i asked them to change the room which they did only after i insisted a lot i checked in at about pm and we moved at pm in the meantime we had to endure the cold in the room not to mention the fact that room is very small and i am not convinced even now that it was a deluxe room with two twin bes which i had paid for i cannot explain to myself why the lady at the recepiton did not want to move us to another room there were obviouy other rooms available as it turned out in the end no slippers or gowns provided so take care and bring some from home
false_positive,Hilton Diagonal Mar Barcelona,9.6,0.9716171798175919,the staff at pura beach were very rude
false_positive,Urban Lodge Hotel,10.0,0.9686278887480768,great coffee sheets were not cleaned even when dirty and bottom sheet was not tight they just threw the blankets over them each day
false_positive,Ayre Hotel Caspe,8.8,0.9673873438407637,wifi horrible
false_positive,Saint James Albany Paris Hotel Spa,8.8,0.9671285829107028,i like location i arrived there pm they dont let we check in they said pm we waited there until pm event we was tired after long flight after pm they still not get room for me i called manager over and asked she said she has room ready the other is smooking room they try to get smell out we paid but we dont get room what booking com selling not come back there again
false_positive,Crowne Plaza London The City,8.3,0.9660822219691847,comfy room the worst club lounge i have ever been in tiny poorly stocked depressing no point in paying extra for the club rooms
false_positive,Armani Hotel Milano,8.3,0.9644384727501444,security poor
false_positive,Radisson Blu Hotel Amsterdam,8.3,0.9620316018768359,bed sheets were not changed everyday had week old baby so they did get dirty
false_positive,Ayre Hotel Caspe,8.3,0.9560437485507144,not very special there was a dirty mark on the sheet from the day i checked in and no change for nights there is no sign of changing sheet request in the room it s very inconvenient talked to the reception when i checked out i was told that i should have talked to the reception directly if i wanted to change the sheet because the hotel normally change the sheet every days this was something very different with other stars hotels
false_positive,Rosewood London,9.6,0.9553668579655096,everythimg no coment
false_positive,Hotel Carrobbio,10.0,0.9553668579655096,no alevetor
false_positive,Hotel Erzherzog Rainer,9.6,0.9553668579655096,no a c
false_positive,Grange St Paul s Hotel,10.0,0.9530062831240675,no hot water in bathroom very noisy room
false_positive,Barcel Raval,9.2,0.9526147257751093,unfortunately of our party fell ill just before travelling to the hotel and was unable to make the trip on arrival we asked to cancel her breakfast for the duration of our stay as it would not be needed and we did not want to pay extra for something someone was not going to eat we were told they needed to speak with the manager but the manager was not present we stayed at the hotel for nights and asked every day to cancel the breakfast everyday we got the same response and again the manager was never present on the final day when we were leaving we asked about the cancellation of the breakfast and a refund they told us we should have contacted bookings com why they could not have told us this at the start of the holiday i do not know they told us they could not give us a refund and that we should have gone through bookings com if they had told us this when we first asked at the start of the holiday we would have as such i think it would only be fair and property that bookings com provided us a refund for this breakfast for the days and they can seek compensation from the hotel
false_positive,Hotel mbit Barcelona,8.3,0.9508971636844529,hotel staff was not helpful at all they couldn t give us any reccomendations it almost seemed like they don t know the city at all
false_positive,Small Luxury Hotel Altstadt Vienna,9.2,0.950420322216568,uncomfortable bed
