term,mean_abs_shap,coefficient,share_of_reviews_containing,direction
great,0.505729070527965,-17.41601950371808,0.22646561052076686,-> positive
excellent,0.43620299972591847,-18.656011856292313,0.14187220819576618,-> positive
comfortable,0.20267484574680092,-10.601205075943835,0.13789085259273645,-> positive
not,0.19926594071852363,10.984601567239627,0.16609327747412814,-> negative
lovely,0.19127040946050267,-13.425404573612571,0.08104208861637488,-> positive
helpful,0.18298761593980628,-8.196498502682925,0.17818993979413478,-> positive
perfect,0.17748024695053627,-12.141270789227969,0.07069333851233249,-> positive
amazing,0.17101882321286177,-14.492464422191947,0.056668423827095415,-> positive
friendly,0.1639260187064936,-6.541788544413627,0.2008850539633216,-> positive
nice,0.12416065347295603,-6.343790579350491,0.12978941819493384,-> positive
good,0.11136639793458443,-4.404860503107052,0.19106345198790334,-> positive
fantastic,0.11004142694622909,-11.682157840141302,0.04228282884332603,-> positive
no,0.09646422568824486,6.497971049757849,0.09827150903087978,-> negative
but,0.0846247540095621,-5.489899286117424,0.1569930360957745,-> positive
comfy,0.07981092725449884,-7.858266729110962,0.046167078212135504,-> positive
bit,0.07611289368621624,-7.926085627016304,0.05439336348250701,-> positive
hotel,0.07043693077436648,2.77810297986557,0.2945093360708043,-> negative
room,0.07023986220503221,2.5711308241693365,0.38416613489443163,-> negative
loved,0.06938229555001124,-9.578170151381428,0.03692811364203868,-> positive
beautiful,0.0688161226030145,-8.851889209818948,0.03791304830341537,-> positive
