term,coef,direction
dirty,12.8608877148034,-> negative
not,10.984601567239627,-> negative
rude,10.856502263785787,-> negative
worst,10.203113440653087,-> negative
poor,9.035322968141728,-> negative
nothing the,8.665759105710247,-> negative
awful,8.597003375050564,-> negative
horrible,8.432610730934675,-> negative
filthy,8.35587914350471,-> negative
bad,8.088011771767444,-> negative
terrible,8.020337332001398,-> negative
unfriendly,7.901528907370585,-> negative
unhelpful,7.721923379691622,-> negative
not clean,7.710695174223534,-> negative
shabby,7.662377005632542,-> negative
never,7.637905754169244,-> negative
disgusting,7.492777744119884,-> negative
nothing everything,7.349045963856693,-> negative
not helpful,7.315292285338562,-> negative
not friendly,7.241593264455786,-> negative
dated,7.148902418539448,-> negative
tiny,6.81510945863082,-> negative
uncomfortable,6.764139711015272,-> negative
tired,6.586769403813367,-> negative
smelly,6.57531669150058,-> negative
excellent,-18.656011856292313,-> positive
great,-17.41601950371808,-> positive
amazing,-14.492464422191947,-> positive
lovely,-13.425404573612571,-> positive
perfect,-12.141270789227969,-> positive
fantastic,-11.682157840141302,-> positive
comfortable,-10.601205075943835,-> positive
wonderful,-10.031282441182094,-> positive
loved,-9.578170151381428,-> positive
beautiful,-8.851889209818948,-> positive
superb,-8.326627289957191,-> positive
helpful,-8.196498502682925,-> positive
bit,-7.926085627016304,-> positive
comfy,-7.858266729110962,-> positive
brilliant,-7.794914236205695,-> positive
spacious,-7.541534215868979,-> positive
quiet,-7.333120262171614,-> positive
modern,-7.095484609914284,-> positive
awesome,-6.957363771075019,-> positive
fabulous,-6.738158300551464,-> positive
friendly,-6.541788544413627,-> positive
nice,-6.343790579350491,-> positive
outstanding,-6.315413366525044,-> positive
love,-6.216850848714512,-> positive
very comfortable,-5.8346964000999,-> positive
